{
 "gravity_center": [
  4.955459209041889e-05,
  0.14852229587832558,
  -0.10786872226497513
 ],
 "obb": [
  0.7937075994691924,
  1.2557374963044685,
  1.3748251500447397
 ],
 "scale": 1.0,
 "density": 1.0,
 "mass": 0.5234414543655902
}