{
 "gravity_center": [
  7.399571702589169e-05,
  -0.10332130195816931,
  1.3483602846681623e-05
 ],
 "obb": [
  0.6763866008266575,
  0.6765073357469162,
  1.7903905967422726
 ],
 "scale": 1.0,
 "density": 1.0,
 "mass": 0.5469514929899639
}