{
 "gravity_center": [
  -0.24792743521091504,
  -0.0036294469405314363,
  0.0005813497291753088
 ],
 "obb": [
  0.7141682688593674,
  0.7147310045775469,
  1.7275677793427127
 ],
 "scale": 1.0,
 "density": 1.0,
 "mass": 0.45124140926109857
}