{
 "gravity_center": [
  0.00010027662358752062,
  -0.016973273778377908,
  9.694734545339879e-05
 ],
 "obb": [
  1.0115416676083149,
  1.011567644442422,
  1.443336695690307
 ],
 "scale": 1.0,
 "density": 1.0,
 "mass": 1.1090463774857051
}