{
 "gravity_center": [
  -0.0003523171701695693,
  -0.010100260914076849,
  -0.0017473051826793226
 ],
 "obb": [
  1.0811133128285708,
  1.091114486922122,
  1.2886011060821643
 ],
 "scale": 1.0,
 "density": 1.0,
 "mass": 1.0632114543582183
}